{"stats":{"minecraft:used":{"minecraft:oak_log":12,"minecraft:oak_fence":49,"minecraft:oak_planks":72,"minecraft:stripped_oak_log":50,"minecraft:redstone_block":1,"minecraft:tnt":68,"minecraft:oak_fence_gate":4,"minecraft:oak_slab":13,"minecraft:oak_stairs":6},"minecraft:custom":{"minecraft:jump":47,"minecraft:time_since_rest":15740,"minecraft:crouch_one_cm":1512,"minecraft:leave_game":1,"minecraft:sprint_one_cm":4149,"minecraft:play_time":15740,"minecraft:time_since_death":15740,"minecraft:walk_one_cm":9020,"minecraft:sneak_time":765,"minecraft:total_world_time":15740,"minecraft:fall_one_cm":476,"minecraft:fly_one_cm":42436}},"DataVersion":3465}