{"stats":{"minecraft:picked_up":{"minecraft:azure_bluet":2,"minecraft:wheat_seeds":1,"minecraft:beef":3},"minecraft:dropped":{"minecraft:beef":3,"minecraft:wheat_seeds":1,"minecraft:azure_bluet":2},"minecraft:used":{"minecraft:oak_log":12,"minecraft:oak_fence":49,"minecraft:oak_slab":13,"minecraft:tnt":68,"minecraft:oak_stairs":6,"minecraft:oak_planks":72,"minecraft:stripped_oak_log":50,"minecraft:redstone_block":1,"minecraft:azure_bluet":8,"minecraft:oak_fence_gate":4},"minecraft:custom":{"minecraft:time_since_rest":35524,"minecraft:crouch_one_cm":1512,"minecraft:play_time":35524,"minecraft:sprint_one_cm":11174,"minecraft:walk_one_cm":12502,"minecraft:sneak_time":783,"minecraft:mob_kills":1,"minecraft:drop":4,"minecraft:jump":135,"minecraft:damage_dealt":100,"minecraft:leave_game":3,"minecraft:time_since_death":35524,"minecraft:total_world_time":35524,"minecraft:fall_one_cm":476,"minecraft:fly_one_cm":70792},"minecraft:killed":{"minecraft:cow":1}},"DataVersion":3465}