{"stats":{"minecraft:used":{"minecraft:sand":1},"minecraft:killed_by":{"minecraft:zombie":1},"minecraft:custom":{"minecraft:jump":27,"minecraft:time_since_rest":19450,"minecraft:leave_game":1,"minecraft:deaths":1,"minecraft:walk_on_water_one_cm":955,"minecraft:sprint_one_cm":4782,"minecraft:play_time":29904,"minecraft:damage_taken":245,"minecraft:time_since_death":19324,"minecraft:walk_one_cm":8699,"minecraft:total_world_time":29904,"minecraft:fall_one_cm":484,"minecraft:fly_one_cm":4682},"minecraft:picked_up":{"minecraft:sand":1},"minecraft:mined":{"minecraft:sand":1}},"DataVersion":3465}